"Ad Impressions","Channel Image","Channel Name","Video Name","Content Category","Video Language","Video Format","Video Minutes","Childrens Content","Video Views","Channel Views","Channel Subs","Channel Origin","Video URL","Channel URL"
5109,"https://yt3.ggpht.com/FH_bPbRabAXHk9E4bAOttA1zQ8z6sdIgqtRd_netsR2UQ1KCnMglzjKnC4ioxG2KwyKfeVW3AA=s88-c-k-c0x00ffffff-no-rj","Kƒ±zƒ±lcƒ±k ≈ûerbeti","Kƒ±zƒ±lcƒ±k ≈ûerbeti 58. B√∂l√ºm  @showtv","Entertainment","Turkish","Long Form",137,0,"13274314","2188467874","2070000","TR","https://www.youtube.com/watch?v=W84wtQwj29k","https://www.youtube.com/channel/UCRfLDCtkSwmTdwHrbmC78Xg"
4686,"https://yt3.ggpht.com/YSacGj-AQ0xMMyxtPmCVqzfHq1E09LGeX8_UtFr6wUtCl5B-HcpXsIJdjkgjKtUOnP0Rp7DiBUk=s88-c-k-c0x00ffffff-no-rj","Topper Guild","I Built 10 SECRET Rooms You'd NEVER Find!","Entertainment","English","Long Form",74,0,"9140990","20479991743","46500000","US","https://www.youtube.com/watch?v=Fc6reEmvvYk","https://www.youtube.com/channel/UCPuEAY09CtdTzFNWuqVZgDw"
4360,"https://yt3.ggpht.com/ytc/AIdro_kepdljDpMvzE0iWTq2As3JT3IwvzTUfXoBeWGXd5xLGyw=s88-c-k-c0x00ffffff-no-rj","The Norris Nuts","CHEAP vs EXPENSIVE WATERPARK RIDES w/Norris Nuts","People & Blogs","English","Long Form",40,0,"5920451","4520663880","7750000","AU","https://www.youtube.com/watch?v=BSzBsxHyV-w","https://www.youtube.com/channel/UCYd0us2OtW4d4-1cfpT2ktw"
4246,"https://yt3.ggpht.com/mdLQ_AP35nEMgCDSuOqj7l32s-2edWv8WEmZY8fxPiJ4tI5gWM867-P76O9l8vMxYFX-SkKBIA=s88-c-k-c0x00ffffff-no-rj","Ben Azelart","I Built a SECRET McDonald's in My Room!","Entertainment","English","Long Form",25,0,"55587214","7662014600","32000000","US","https://www.youtube.com/watch?v=v3mTRLpA2Rk","https://www.youtube.com/channel/UCwVg9btOceLQuNCdoQk9CXg"
3907,"https://yt3.ggpht.com/hUrDI5Q0fIt4sWIfNkDYkXkg3bmSfw2xgJvKYq5NKmlqvUDYmJzagMaPMkArbZyD4CXP1C08=s88-c-k-c0x00ffffff-no-rj","BBC Earth","Two Hours of 4K Nature Scenes | 4K UHD | BBC Earth","Pets & Animals","English","Long Form",140,0,"20931726","4912770985","13000000","GB","https://www.youtube.com/watch?v=SIm3nKfJnFE","https://www.youtube.com/channel/UCwmZiChSryoWQCZMIQezgTg"
3209,"https://yt3.ggpht.com/p7KN4DYjXWFMMY6M_M3laXoHxQG56eJexK5UqU4OX6_593RCs0xKVZ-jBT0_Cc5j6HvtW_-0ULY=s88-c-k-c0x00ffffff-no-rj","TRIP IN A VAN ","Living the Dream: Offshore Trip to SLEEP on the Great Barrier Reefüé£üòé | NEW BOAT TOURü§ô","Travel & Events","English","Long Form",32,0,"147327","42101937","191000","AU","https://www.youtube.com/watch?v=IskJjvpBkcU","https://www.youtube.com/channel/UCk76MuEulkpZ0XMt9DIKlOQ"
2524,"https://yt3.ggpht.com/7_PlUZ2YqiAop3GT02l7PEMpnHUqwqzyf48pefu64UNQLmwdEhUEJqaMHb1AcZrMus6_nK1O=s88-c-k-c0x00ffffff-no-rj","JStu","Overnight in Micro A-Frame Cabins!","Entertainment","English","Long Form",52,0,"4899200","2527834751","8220000","US","https://www.youtube.com/watch?v=JAlaPSTHCmY","https://www.youtube.com/channel/UCZpRTwgtk1H0cUAWrHZ1gzg"
2430,"https://yt3.ggpht.com/8Yat-ht6uSglpKe5BonuiW3ZeaoU89MP0652EWzITq0lMWYD99Ak1pZXdZlqrSjUVm5WRjErnA=s88-c-k-c0x00ffffff-no-rj","Stay Wild","Build a Car With Trash, Win $1,000!","Entertainment","English","Long Form",31,0,"16214768","1910773665","7390000","US","https://www.youtube.com/watch?v=av-Nivu1kGM","https://www.youtube.com/channel/UClQ3NafOy_42dJ0toK3QUKw"
2405,"https://yt3.ggpht.com/5Wa2b_nnUKTA9sgP1NOpwqqby8ZICOku_qiEcEWxjnifCOkjkCV4RpxPmv7g3yR4QknGjwwxLA=s88-c-k-c0x00ffffff-no-rj","Yalƒ± √áapkƒ±nƒ±","Yalƒ± √áapkƒ±nƒ± 65. B√∂l√ºm","Entertainment","Turkish","Long Form",137,0,"13074506","4545808179","6150000","TR","https://www.youtube.com/watch?v=srAvHthC1q0","https://www.youtube.com/channel/UCyahIZNtNmqK1LeNF0KlFZw"
2242,"https://yt3.ggpht.com/NFhjtVeYCaWhsvWw6r4wlICtIXQmMV1uJG0FAqDjZm0b7UuFfsDLqlWa-Us7vxUENGebVPIvzw=s88-c-k-c0x00ffffff-no-rj","Aldatmak","Aldatmak 64. B√∂l√ºm","Entertainment","Turkish","Long Form",147,0,"2673971","465505394","547000","TR","https://www.youtube.com/watch?v=khWuFg1mxxk","https://www.youtube.com/channel/UClhDHQPDg9-pjWTolCJwdXA"
2076,"https://yt3.ggpht.com/ytc/AIdro_kepdljDpMvzE0iWTq2As3JT3IwvzTUfXoBeWGXd5xLGyw=s88-c-k-c0x00ffffff-no-rj","The Norris Nuts","BUY ANYTHING MAKEOVER IN NEW AESTHETIC w/Norris Nuts","People & Blogs","English","Long Form",31,0,"1813289","4520663880","7750000","AU","https://www.youtube.com/watch?v=yOX6e1FVxN8","https://www.youtube.com/channel/UCYd0us2OtW4d4-1cfpT2ktw"
1965,"https://yt3.ggpht.com/DM42TSAdoyubhMSDWgPecqNApyl_XSx9RD0wncXaOxtZ0RxcyvMUPOjSxSjDcO8M9Fw--8J_aQ=s88-c-k-c0x00ffffff-no-rj","Nikad nije kasno","Nikad Nije Kasno - Cela emisija 29 - 07.04.2024.","Music","Serbian","Long Form",149,0,"133613","803972491","474000","RS","https://www.youtube.com/watch?v=Q6LhOlDEbsA","https://www.youtube.com/channel/UCnUoKHpKq0--CS3R36Kd8OQ"
1885,"https://yt3.ggpht.com/ytc/AIdro_kNdUfX7a2qE6rx4eek6J3vDjvIk-gc1QJ1unjI0c3H90o=s88-c-k-c0x00ffffff-no-rj","Vice Grip Garage","1,800 Miles Home! Will This Classic Ford Mustang RUN AND DRIVE From Arizona To Tennessee?","Autos & Vehicles","English","Long Form",98,0,"1605014","649953623","2070000","US","https://www.youtube.com/watch?v=JUBW-yw5a_c","https://www.youtube.com/channel/UCsfu-jdkX2_v2t3_igVQebg"
1739,"https://yt3.ggpht.com/HnQ2IpvU-HxiQMPMcch4i09xWtrzH81PvYPieKGikoouGxSuRpNUXSYexraGQicpMJpLjXezGw=s88-c-k-c0x00ffffff-no-rj","EH Digital","SAKKIGONI | S3 | EP 46 | Ft. Arjun, Kumar, Dipak, Hari, Kamalmani, Sagar, Cp,Subodh, Gajit, Surashya","Entertainment","Non linguistic content","Long Form",46,0,"3370086","653838818","2120000","US","https://www.youtube.com/watch?v=L-5kpNf0OtE","https://www.youtube.com/channel/UCgMKDSxreVSOjtB9byZk7SA"
1628,"https://yt3.ggpht.com/ytc/AIdro_mcqH-kpiOe-bYmupMIShQ8R7XX4XNGryAeG-hYf6LnS0A=s88-c-k-c0x00ffffff-no-rj","Stokes Twins","I Built a SECRET 7-11 in My Room!","People & Blogs","English","Long Form",21,0,"80724789","14429495697","94200000","US","https://www.youtube.com/watch?v=eXosE1wewXg","https://www.youtube.com/channel/UCbp9MyKCTEww4CxEzc_Tp0Q"
1615,"https://yt3.ggpht.com/e86eCJjrnNGQToVWa1v_CvuW4YeB4SRLuPbtG_ieYJqSArQHHDUaLfmvmtEQgVxR4RQAGXCU=s88-c-k-c0x00ffffff-no-rj","The Anazala Family ","I Bought 100 Mini Products that ACTUALLY Work!","Entertainment","English","Long Form",21,0,"7477195","1473878794","8630000","US","https://www.youtube.com/watch?v=gO160cr8LyU","https://www.youtube.com/channel/UC5Hi0UkephOloKgZKLM9e-w"
1556,"https://yt3.ggpht.com/yq0bY6BocTXifhcErXMgYsjb0ONHPM8-x-TBZZpOsdEL1x4jA-ZBKZ34pFSZ1go4PZ4AYYz_rA=s88-c-k-c0x00ffffff-no-rj","Wild Westerns","Adventures in Silverado | Full Movie | Wild Westerns","Entertainment","English","Long Form",75,0,"316849","126430312","272000","US","https://www.youtube.com/watch?v=JQYECteU1sI","https://www.youtube.com/channel/UCD6ZM9YKyZisN_RB6jpvEaQ"
1504,"https://yt3.ggpht.com/yScDBC3juRjXhMsN-idm-1kCrR-5laPRt7uzWPfyaYs3-UwKcovRkKaLpGqEZSf_lZsRoQoX=s88-c-k-c0x00ffffff-no-rj","SocksReact","I Watched Skibidi Toilet Until I Couldn't Anymore...","Comedy","English","Long Form",64,0,"4356879","1517960385","3090000","US","https://www.youtube.com/watch?v=261bZNM2N8I","https://www.youtube.com/channel/UC0VNRvMijMy6DtM9UgX46Og"
1462,"https://yt3.ggpht.com/g1EA2tCAK3QnVL0Plrjq_SqZKAEv4SdqMGy3dZnELkLlFeWe5EI0Pv4uTZ9phx_FCMM8S1mA=s88-c-k-c0x00ffffff-no-rj","Sakla Beni","Sakla Beni 23. B√∂l√ºm","Entertainment","Turkish","Long Form",135,0,"5569204","376288215","670000","TR","https://www.youtube.com/watch?v=KtlM8WuY6OM","https://www.youtube.com/channel/UCM2JW9IWWlh7Z8jcXZpNSyw"
1427,"https://yt3.ggpht.com/e86eCJjrnNGQToVWa1v_CvuW4YeB4SRLuPbtG_ieYJqSArQHHDUaLfmvmtEQgVxR4RQAGXCU=s88-c-k-c0x00ffffff-no-rj","The Anazala Family ","BUSTING 100 MYTHS in 24 HOURS! (with my daughter)","Entertainment","English","Long Form",79,0,"16554215","1473878794","8630000","US","https://www.youtube.com/watch?v=eHbKs03M1m8","https://www.youtube.com/channel/UC5Hi0UkephOloKgZKLM9e-w"
1384,"https://yt3.ggpht.com/e84EzURISmapkhmhrHf1eFOT9qWvZL7GB3PzcqokoF-8hzijJRvubAzQvoAkaokpdtjQ0ZKv3Q=s88-c-k-c0x00ffffff-no-rj","Factinate","The Tragic Downfall Of Mama Cass","Entertainment","English","Long Form",20,0,"2648091","101093794","329000","CA","https://www.youtube.com/watch?v=0NoiZ0KLtoM","https://www.youtube.com/channel/UCgV0XiAesMW_-P4nkvMdVSw"
1353,"https://yt3.ggpht.com/mwJISaK3ybLTlv4Lp0kiqA0D_ZABsCtknjyNJir_58dFFSgoCuBnFWZnAnertcyOe01GKokV=s88-c-k-c0x00ffffff-no-rj","Top Talent","NEVER Judge a Book By Its Cover! BIGGEST Surprises They Didn't See Coming...","Entertainment","English","Long Form",95,0,"14555531","1675536327","5820000","US","https://www.youtube.com/watch?v=VAX_a8lbr8U","https://www.youtube.com/channel/UCD2GdZBCsUa0TIssLai6Skw"
1352,"https://yt3.ggpht.com/8Yat-ht6uSglpKe5BonuiW3ZeaoU89MP0652EWzITq0lMWYD99Ak1pZXdZlqrSjUVm5WRjErnA=s88-c-k-c0x00ffffff-no-rj","Stay Wild","If You Build It, I'll Pay For It!","Entertainment","English","Long Form",31,0,"14431719","1910773665","7390000","US","https://www.youtube.com/watch?v=bJ_IWWfhBFc","https://www.youtube.com/channel/UClQ3NafOy_42dJ0toK3QUKw"
1328,"https://yt3.ggpht.com/h0_0qqJpQPEnceQLHeI58sWHuf780VYwR8yifYLJ47InLzMrZc-x_fcaJq9-7dBa7SvBseCT2g=s88-c-k-c0x00ffffff-no-rj","Eidan Sanker / Don‚Äôt Touch My Car","Be kind #car #corvette #funny #c8 #ferrari #foryou #mycar #prank #corvettec8 #lamborghini #shorts","Sports","English","Short Reel",0.3,0,"398969208","5786457186","9870000",NA,"https://www.youtube.com/watch?v=qj8RmjwBlQw","https://www.youtube.com/channel/UCs-S2wp4ID5G-L8lEVa8OWQ"
1299,"https://yt3.ggpht.com/ytc/AIdro_kepdljDpMvzE0iWTq2As3JT3IwvzTUfXoBeWGXd5xLGyw=s88-c-k-c0x00ffffff-no-rj","The Norris Nuts","SABRE'S 19th BIRTHDAY TEARS: (FULL STORY) the TRUTH Behind the Family Drama  w/The Norris Nuts","People & Blogs","English","Long Form",57,0,"5786083","4520663880","7750000","AU","https://www.youtube.com/watch?v=lpAHte0NMXc","https://www.youtube.com/channel/UCYd0us2OtW4d4-1cfpT2ktw"
1274,"https://yt3.ggpht.com/usRWxTny4aTR0ZP-PiqRCWyaPJ7qVEXmxudhM5iB8EbG9jr_g0xxUqnlXhtFYtg9AVB_-utFHQ=s88-c-k-c0x00ffffff-no-rj","Top Viral Talent","20 BEST BGT Singers Of ALL TIME! üá¨üáß","Entertainment","English","Long Form",115,0,"1946541","881294519","13300000","US","https://www.youtube.com/watch?v=FOUnEB9BAII","https://www.youtube.com/channel/UCDnEa2HC2eeT-cN3pAKnNTw"
1271,"https://yt3.ggpht.com/0UKTApY-VhRxJziySOK5qS26kAhWb1-eqbZVtl-HB2j6QjjNwDiFg4NaX-mgaggkX0Ae3U220Q=s88-c-k-c0x00ffffff-no-rj","Te≈ükilat","Te≈ükilat 102. B√∂l√ºm @trt1","Entertainment","Turkish","Long Form",143,0,"2139634","965151284","1600000","TR","https://www.youtube.com/watch?v=K6WaETFCChQ","https://www.youtube.com/channel/UCt8FO3MT1fWD-UI7hnutj8A"
1271,"https://yt3.ggpht.com/dANCsHq8xGYw6WKMwYdboYcs3SWsIoevzZvcF0FfvU8DQYM_sY8HEvEqjZkRzmMA7n8bsYrRMg=s88-c-k-c0x00ffffff-no-rj","≈ûahane Hayatƒ±m","≈ûahane Hayatƒ±m 22. B√∂l√ºm","Entertainment","Turkish","Long Form",137,0,"3629732","482034829","750000","TR","https://www.youtube.com/watch?v=uvbuswDFrLk","https://www.youtube.com/channel/UCTVR8LvMMm08A2kI0vAvyXQ"
1247,"https://yt3.ggpht.com/ffMdyFX49eP6N3S7vb1FieAvKgAYdh2efmuVxUJEihq9TZukDsb_Qgo2Ar8bz0oSVzcgGKFOng=s88-c-k-c0x00ffffff-no-rj","ROCK SQUAD","I READ MY BEST FRIEND‚ÄôS JOURNAL!","Entertainment","English","Long Form",107,0,"1032150","2559627423","3710000","US","https://www.youtube.com/watch?v=f93imp0SocM","https://www.youtube.com/channel/UC8lk1PidR1QY0jlphsYJqtw"
1245,"https://yt3.ggpht.com/HnQ2IpvU-HxiQMPMcch4i09xWtrzH81PvYPieKGikoouGxSuRpNUXSYexraGQicpMJpLjXezGw=s88-c-k-c0x00ffffff-no-rj","EH Digital","SAKKIGONI | S3 | EP 47 | Ft. Arjun, Kumar, Dipak, Hari, Kamalmani, Rakshya, Surakshya, Buddhi Tamang","Entertainment","English","Long Form",47,0,"3418673","653838818","2120000","US","https://www.youtube.com/watch?v=TegDypjxLQY","https://www.youtube.com/channel/UCgMKDSxreVSOjtB9byZk7SA"
1206,"https://yt3.ggpht.com/uyTTKDKAYLBvo2hleJYCU_RfPfmTidKl6vq25w6XOAvYxXVjJlP_qV05mxYsx1hld4g8BY2n=s88-c-k-c0x00ffffff-no-rj","Nav Lehal","ADAB MISTRI (Full Comedy Video) Nav Lehal Funny Video I Kaku Mehnian I New Punjabi Comedy Video 2024","Entertainment","Punjabi","Long Form",29,0,"4032712","27285146","342000","IN","https://www.youtube.com/watch?v=_Kdt_X_BJWo","https://www.youtube.com/channel/UC_XSbdzsl5mPgIoP5YawTeA"
1177,"https://yt3.ggpht.com/TZvPCPByZHYD3X8xCmhvPBCCbjEl9a53UYOOldJofBcph6XyN-oUQNKNAGqVdhn9qSUBzA2zXg=s88-c-k-c0x00ffffff-no-rj","Family Feud Philippines","Family Feud: ‚ÄòIT‚ÄôS SHOWTIME‚Äô HOSTS, NAKIHULA SA ‚ÄòFAMILY FEUD!‚Äô (Full Episode UNCUT & EXTENDED)","Entertainment","Filipino","Long Form",41,0,"14423924","401539240","1230000","PH","https://www.youtube.com/watch?v=U-3bDNt8RdU","https://www.youtube.com/channel/UCKNLamB6VLwjjyHWQpQC2Gw"
1166,"https://yt3.ggpht.com/ytc/AIdro_kffCERRNGERegcpf4HCMZJ-ARS7v1bW6yfAV8pWgo0kG8=s88-c-k-c0x00ffffff-no-rj","Amp World","If You Carve It, I'll Pay For It!","Entertainment","Non linguistic content","Long Form",15,0,"3589130","6868898985","10100000","US","https://www.youtube.com/watch?v=LM_ZTMrr_R8","https://www.youtube.com/channel/UCDP7DZOgj8VTyhyVNup83QQ"
1152,"https://yt3.ggpht.com/ifv7cOgZXHt_8OpF5JPBTPDuZjIv9sej_CnEF6dDB16uQqSRjj1Tgd2N-Ej69mG41ytzOz4gAw=s88-c-k-c0x00ffffff-no-rj","Rob Parsons","Massive Gold Haul Found After Exploring Abandoned Gold Mine","People & Blogs","English","Long Form",48,0,"604983","11631125","111000","AU","https://www.youtube.com/watch?v=wHw2SlDQ5Ts","https://www.youtube.com/channel/UCriyYigMNrorS0Fh2Q7teeg"
1140,"https://yt3.ggpht.com/fTbDZB5J9RUfnspwzbrB_XCT_ZdQG2LAjEBtLlnlZ-P41SkHLKur_Polr_ikFiAXTTCM56uIGw=s88-c-k-c0x00ffffff-no-rj","Rebecca Zamolo","Daughters First Time Getting Ears Pierced","Entertainment","English","Long Form",77,0,"9477417","7963598550","17100000","US","https://www.youtube.com/watch?v=Kcjx_Kn-wTc","https://www.youtube.com/channel/UCfw8x3VR-ElcaWW2Tg_jgSA"
1117,"https://yt3.ggpht.com/lrTaREMhyUWP1hRTML5VbGUpIZRznQj9cvXBxn2oJ8c3Qb-_Ct_KsMZglfjhVbAcKepr73LPmFY=s88-c-k-c0x00ffffff-no-rj","Martijn Doolaard","#107 Arched Door Frame, Copper Shower, Planting Potatoes","Travel & Events","English","Long Form",50,0,"502156","99442102","744000",NA,"https://www.youtube.com/watch?v=6vdwyajw1go","https://www.youtube.com/channel/UClkUhTjFbQbtGfS14h9Vw5g"
1087,"https://yt3.ggpht.com/Pui0xFjDp_F-x0UK5Rkfh1tGkwZLy7fkU4Pr44Zht3DJcMwWXLnxoVIGSRS5Pr7SVxgES0-ouA=s88-c-k-c0x00ffffff-no-rj","NRL - National Rugby League","NRL 2024 | Warriors v Sea Eagles | Full Match Replay | Round 6","Sports","English","Long Form",113,0,"26420","357771947","450000","AU","https://www.youtube.com/watch?v=t0xtTEVlTMk","https://www.youtube.com/channel/UC33-OkQ6VCYk8xtml8Pk4-g"
1066,"https://yt3.ggpht.com/ytc/AIdro_kMwdFZd-Nl1trq6PgKkkqH58o9Lj0phbNoTaFTtNeoNg4=s88-c-k-c0x00ffffff-no-rj","Outdoor Boys","18 Day Japan Travel Adventure - Volcanoes, Castles, Fishing & More (Kyushu, Osaka, Kyoto, Hiroshima)","Entertainment","English","Long Form",117,0,"11609394","1920248069","10500000","US","https://www.youtube.com/watch?v=q5elqE21EHk","https://www.youtube.com/channel/UCfpCQ89W9wjkHc8J_6eTbBg"
1065,"https://yt3.ggpht.com/ytc/AIdro_llPlK76qJ3vTfaeS0kmTk8L_1a-Ux7kWoMopedNGwzEK4=s88-c-k-c0x00ffffff-no-rj","Mat Armstrong","DRIVING MARCUS RASHFORDS WRECKED ROLLS ROYCE FOR THE FIRST TIME","Autos & Vehicles","English","Long Form",36,0,"4412441","484343070","3540000","GB","https://www.youtube.com/watch?v=fPAeRGBDrBM","https://www.youtube.com/channel/UCcLYOTz3ct6_lk9iLToxxAw"
1064,"https://yt3.ggpht.com/ffMdyFX49eP6N3S7vb1FieAvKgAYdh2efmuVxUJEihq9TZukDsb_Qgo2Ar8bz0oSVzcgGKFOng=s88-c-k-c0x00ffffff-no-rj","ROCK SQUAD","SURVIVING WORLD‚ÄôS WORST BABYSITTER!","Entertainment","English","Long Form",112,0,"1139281","2559627423","3710000","US","https://www.youtube.com/watch?v=Jsbr7-qYC54","https://www.youtube.com/channel/UC8lk1PidR1QY0jlphsYJqtw"
1056,"https://yt3.ggpht.com/usRWxTny4aTR0ZP-PiqRCWyaPJ7qVEXmxudhM5iB8EbG9jr_g0xxUqnlXhtFYtg9AVB_-utFHQ=s88-c-k-c0x00ffffff-no-rj","Top Viral Talent","Judges Ask For A SECOND SONG...Watch What Happens Next üëÄ","Entertainment","English","Long Form",147,0,"1440298","881294519","13300000","US","https://www.youtube.com/watch?v=7bACkLmYvcU","https://www.youtube.com/channel/UCDnEa2HC2eeT-cN3pAKnNTw"
1052,"https://yt3.ggpht.com/ytc/AIdro_lSrCkseDXu7jjww3zsg29QC1pwPM4QpzVjmXtIPTOwfw=s88-c-k-c0x00ffffff-no-rj","Diesel Creek","Shopping for Deals at the Ritchie Bros Auction! (We Scored BIG!)","Autos & Vehicles","English","Long Form",74,0,"1159224","221254091","805000","US","https://www.youtube.com/watch?v=M_zu7cSJi2E","https://www.youtube.com/channel/UCBB0oz7Yo_35gnbPYGKGJTA"
1051,"https://yt3.ggpht.com/huT7Kpms2xrk5bUjkWdfDkbpOsyzxeetp_Us1bGkRs5iVy4BFyR0_02cdeQx0p26xpACGWQL=s88-c-k-c0x00ffffff-no-rj","SABA Prank's","üéØA crazy boy scares girls#funny #comedy","Entertainment","English","Short Reel",0.3,0,"156364968","707101767","1910000","US","https://www.youtube.com/watch?v=y_2pobSadlI","https://www.youtube.com/channel/UCPEoBulDa17kDuFJ2brSnRw"
1046,"https://yt3.ggpht.com/ytc/AIdro_kepdljDpMvzE0iWTq2As3JT3IwvzTUfXoBeWGXd5xLGyw=s88-c-k-c0x00ffffff-no-rj","The Norris Nuts","BIGGY'S 15TH BIRTHDAY (a wild ride) FULL STORY w/The Norris Nuts","People & Blogs","English","Long Form",48,0,"2521867","4520663880","7750000","AU","https://www.youtube.com/watch?v=K3wA2Sowgz0","https://www.youtube.com/channel/UCYd0us2OtW4d4-1cfpT2ktw"
1038,"https://yt3.ggpht.com/ZnXRoYLrS1M6h8zU0GlNOSKq3pXZ7JRlcRzEb7VfwADGXVu6S_2K9fYbHsuN2xXirME_l6KDWw=s88-c-k-c0x00ffffff-no-rj","Sandƒ±k Kokusu","Sandƒ±k Kokusu 17.B√∂l√ºm @sandikkokusudizi","Film & Animation","Turkish","Long Form",148,0,"4393392","277373815","455000","TR","https://www.youtube.com/watch?v=6totBpBT77o","https://www.youtube.com/channel/UCbfcZal6XtsXRpGVtrXCX4Q"
1029,"https://yt3.ggpht.com/dIL_Vgwl6Oox3kCAsiZHT8CINvSfyUfgv9W54LqFa1Ni5L52EXJyjLCVqnUQMIynRlI1faDDyg=s88-c-k-c0x00ffffff-no-rj","Zhong","I Survived the World's STRICTEST SCHOOL","Entertainment","English","Long Form",53,0,"7356358","17928092299","44100000","US","https://www.youtube.com/watch?v=8mE8rxRoVoI","https://www.youtube.com/channel/UCyagEfIN1okQ-s996XAqCFQ"
1024,"https://yt3.ggpht.com/z8c18QyJECNwc1Dfy7V0GA9q7fWQZLeWYAr6mzMIJSs0_jvwis7nju6uttglf3-ibiU8cBFSXA=s88-c-k-c0x00ffffff-no-rj","Gotcha! Viral","Good Wednesday VS Bad Enid! Body Swap! *Extreme Makeover & Funny Situations* by Gotcha! Viral","People & Blogs","English","Long Form",63,0,"16564484","231092349","741000",NA,"https://www.youtube.com/watch?v=SqKUe5Jn7gU","https://www.youtube.com/channel/UCXPj7um3A3J2JYH3F9Yzvcg"
991,"https://yt3.ggpht.com/fTbDZB5J9RUfnspwzbrB_XCT_ZdQG2LAjEBtLlnlZ-P41SkHLKur_Polr_ikFiAXTTCM56uIGw=s88-c-k-c0x00ffffff-no-rj","Rebecca Zamolo","Every Hour My Daughter Gets 1 Year Older","Entertainment","English","Long Form",32,0,"16685232","7963598550","17100000","US","https://www.youtube.com/watch?v=q6_O1wXtaKc","https://www.youtube.com/channel/UCfw8x3VR-ElcaWW2Tg_jgSA"
990,NA,NA,"0","0","No Language Detected","Short Reel",0.3,0,"0",NA,NA,NA,"https://www.youtube.com/watch?v=0","https://www.youtube.com/channel/0"
986,"https://yt3.ggpht.com/xukNZ7OMGIyK8fLNxAwR-uy214xfaZph7btgo5-HpBbT0o8tZuJ38LBkSI_UcQWYklg4P-tZvQ=s88-c-k-c0x00ffffff-no-rj","Khoai Lang Thang","Cho√°ng ng·ª£p thung l≈©ng C-H-·∫æ-T. Du l·ªãch M·ªπ t·ª± t√∫c #3 | USA Trip","Travel & Events","Vietnamese","Long Form",51,0,"2699698","637349794","2610000","VN","https://www.youtube.com/watch?v=5cW2Kj4_7HY","https://www.youtube.com/channel/UCZE88kYvCKUKjM-G0uc8Duw"
985,"https://yt3.ggpht.com/ytc/AIdro_nJoblSi1M7ucd-7Z0d6S1eCmSXot3mOp6j68VAl3N0LL4=s88-c-k-c0x00ffffff-no-rj","Michigan Rocks","Awesome Petoskey Stone","Entertainment","English","Short Reel",1,0,"67317734","118626721","376000","US","https://www.youtube.com/watch?v=FMsw1Kf6gA4","https://www.youtube.com/channel/UC5E1PfBiYBUAzzO60U1ZyYQ"
973,"https://yt3.ggpht.com/KLybAn9VAqHtxbwflIr9TsPVxz3cHqCbkyCpIzzplQb6GtYKLvDR_J_tpQP-1HtickWqjNHumKg=s88-c-k-c0x00ffffff-no-rj","The Emirates FA Cup","FULL MATCH | Manchester United v Liverpool | Quarter-final | Emirates FA Cup 2023-24","Sports","English","Long Form",136,0,"6664549","1019200248","2780000","GB","https://www.youtube.com/watch?v=PQrekQOY-VY","https://www.youtube.com/channel/UCChcWqwYXCEs657MQ00qVWA"
955,"https://yt3.ggpht.com/pylZvcW5TO66N6vVEY27Sii4xyVEl48pjPKUb6NzwB9f_gcFGKiF6g1P5iL3gmcu6kdxwK6bsMY=s88-c-k-c0x00ffffff-no-rj","Uncle Pooly","Old school PATINA PAINT JOB from start to finish - WE PAINTED BAZ!!!","People & Blogs","English","Long Form",30,0,"98394","2622721","59000","AU","https://www.youtube.com/watch?v=YeTDck8h5Tw","https://www.youtube.com/channel/UCnBDFWDYFPGr49ha1oEw17g"
952,"https://yt3.ggpht.com/syobp6tV2ehhFY0udMApkSGfrLN86Id6iv6GJZ9Ui1-HwL1UDzouVT_m_QkWQxaXjo4qPDYagw=s88-c-k-c0x00ffffff-no-rj","Washington Life","Best tasting clams","Entertainment","English","Short Reel",1,0,"37861566","185759600","256000","US","https://www.youtube.com/watch?v=PlUtfnbPH9o","https://www.youtube.com/channel/UChHWRFt_TVkBWyMAhzmvTiA"
949,"https://yt3.ggpht.com/ytc/AIdro_kSMAoyeycjoRRghUzFfkkxOnfwot6qtf6oHkLVF29XSkmY=s88-c-k-c0x00ffffff-no-rj","Nathan Kessel","Boing boing in the lecture hall at USC","Comedy","English","Short Reel",0.3,0,"186015659","8641490911","8880000",NA,"https://www.youtube.com/watch?v=EzB5V_Srm64","https://www.youtube.com/channel/UCHr43HOeO7WHmwQ_sij6ezQ"
939,"https://yt3.ggpht.com/SjgRPTycic5zYcHD7tiKeycynwxski_NdgwUYUCAeLzHxihkP3fw6RnKD8Ssv01BeyjvcR5nHQ=s88-c-k-c0x00ffffff-no-rj","G√∂n√ºl Daƒüƒ±","G√∂n√ºl Daƒüƒ± 134. B√∂l√ºm @trt1","Entertainment","Turkish","Long Form",145,0,"2272531","1689661654","1600000","TR","https://www.youtube.com/watch?v=KbRpWq2Auc0","https://www.youtube.com/channel/UC6zAMy6boneCLJzRKiiwzmQ"
924,"https://yt3.ggpht.com/e86eCJjrnNGQToVWa1v_CvuW4YeB4SRLuPbtG_ieYJqSArQHHDUaLfmvmtEQgVxR4RQAGXCU=s88-c-k-c0x00ffffff-no-rj","The Anazala Family ","We Lived with the World's Strictest Mom for 24 Hours!","Entertainment","English","Long Form",26,0,"9483469","1473878794","8630000","US","https://www.youtube.com/watch?v=HLCxG4gemXQ","https://www.youtube.com/channel/UC5Hi0UkephOloKgZKLM9e-w"
900,"https://yt3.ggpht.com/_OFZ0My3yCnzPCKY9YFrezqLzA4Ekyh706Uetn1flSUN9FwelOAJtOULQzwJgo3bbisKOxmOVvE=s88-c-k-c0x00ffffff-no-rj","Zack D. Films","How Long Are Your Blood Vessels? ü§î","Travel & Events","English","Short Reel",1,0,"131583267","22433353151","16200000",NA,"https://www.youtube.com/watch?v=c5G_25dhoeU","https://www.youtube.com/channel/UCvz84_Q0BbvZThy75mbd-Dg"
895,"https://yt3.ggpht.com/ytc/AIdro_mAnAfNspFVbkVqJbwm01j37EKYWylMyl-APbNt_UIbBsI=s88-c-k-c0x00ffffff-no-rj","Jeremy Hutchins","I Exposed the World's Most EVIL Teachers!","Entertainment","English","Long Form",28,0,"7864679","1805901898","9590000",NA,"https://www.youtube.com/watch?v=pM42sKp6f8A","https://www.youtube.com/channel/UC6xSN0oY2I9U_9xTo2RjE7g"
889,"https://yt3.ggpht.com/bnXkBkt1RvZg4uaS5s0v1yaL7iXTy8MT2j9-KtabTOLMPwisQmwODqZckNpoo9FFMwJdVhQcRtc=s88-c-k-c0x00ffffff-no-rj","Fit Dood","The coolest axes ever (@jacobwitzling)","Sports","English","Short Reel",1,0,"65242979","504346861","372000","US","https://www.youtube.com/watch?v=1oBdqdYSXV4","https://www.youtube.com/channel/UCuMQWUoMJlK7tq3nDun_kyQ"
889,"https://yt3.ggpht.com/fxGKYucJAVme-Yz4fsdCroCFCrANWqw0ql4GYuvx8Uq4l_euNJHgE-w9MTkLQA805vWCi-kE0g=s88-c-k-c0x00ffffff-no-rj","MrBeast","7 Days Stranded On An Island","Entertainment","English","Long Form",22,0,"243597295","62063607865","325000000","US","https://www.youtube.com/watch?v=erLbbextvlY","https://www.youtube.com/channel/UCX6OQ3DkcsbYNE6H8uQQuVA"
857,"https://yt3.ggpht.com/Yxvus5PSvCa2WXrchCax11Dg_1HWOqlsyTQKpNvibipOO4e9FIGsKbnT4Pj7DzUXO4sqjjxcQaM=s88-c-k-c0x00ffffff-no-rj","Ryan Trahan","I Tested 1-Star Hotels (again)","Entertainment","English","Long Form",30,0,"27439263","3889543440","17500000","US","https://www.youtube.com/watch?v=8Tt5hh7gVVw","https://www.youtube.com/channel/UCnmGIkw-KdI0W5siakKPKog"
838,"https://yt3.ggpht.com/ytc/AIdro_nH1mxojlKQkirbEa2ZxgOGEQ7UX_T0RYJe3UPGhTDQDg=s88-c-k-c0x00ffffff-no-rj","Odyssey - Ancient History Documentaries","The Complete History Of The Roman Empire In 4 Hours | Empire Without Limit (Full Series)","Education","English","Long Form",233,0,"10973768","171951940","851000",NA,"https://www.youtube.com/watch?v=P3IIRiSTc3g","https://www.youtube.com/channel/UCV-yCAXMS-nWrHtORuDfSuQ"
838,"https://yt3.ggpht.com/wCtvBInXsLyE6MfmmP19RD7wLbYyoP6-kcUcH8gzP4m8L5LZbE30lYbRDi_KQjwd4Uaup6QT0hA=s88-c-k-c0x00ffffff-no-rj","Lifeder En","UNREAL PLANET | Places That Don't Seem Real","People & Blogs","English","Long Form",162,0,"24015702","98284173","316000","US","https://www.youtube.com/watch?v=ovQ3tJsZ1RU","https://www.youtube.com/channel/UC-SuHonAEkrikvs2oj7LLXg"
826,"https://yt3.ggpht.com/Rw-jWjNaz79_QlzhmTtHnIOtWKq2AFmS263pBTjgLplkOoPjndOwj3nZuyFnN72fOYiqApc0Rg=s88-c-k-c0x00ffffff-no-rj","Chronicle - Medieval History Documentaries","The Rise And Fall Of The Vikings In Four Hours | The Vikings | Complete Series","People & Blogs","English","Long Form",222,0,"8268632","123100028","664000",NA,"https://www.youtube.com/watch?v=DgKycy23AZs","https://www.youtube.com/channel/UCOk2CgtW_euf-9w34fnYQnA"
823,"https://yt3.ggpht.com/ytc/AIdro_lEzdEZKRk-uOqV77DVnavKzNLr5g2bVH7zoUoJgvfnVQ=s88-c-k-c0x00ffffff-no-rj","Aetos 68","‚ô´ 5 Œ©œÅŒµœÇ Non Stop special!! üíìüéµ ŒëœÄŒøŒ∫ŒªŒµŒπœÉœÑŒπŒ∫Œ¨ Œ≥ŒπŒ± ŒºŒµœÅŒ±Œ∫ŒªŒÆŒ¥ŒµœÇ! üç∫ Œ£œÑŒ∑ŒΩ œÖŒ≥ŒµŒπŒ¨ ŒºŒ±œÇ Œ∫ ŒåŒªŒøŒπ ŒøŒπ Œ∫Œ±ŒªŒøŒØ œáœâœÅŒ¨ŒΩŒµ.","Music","No Language Detected","Long Form",311,0,"4526908","718947714","547000","GR","https://www.youtube.com/watch?v=gUeMZez8GzU","https://www.youtube.com/channel/UCkH0VIeYcSZvKDLmcycw4Kw"
801,"https://yt3.ggpht.com/mwJISaK3ybLTlv4Lp0kiqA0D_ZABsCtknjyNJir_58dFFSgoCuBnFWZnAnertcyOe01GKokV=s88-c-k-c0x00ffffff-no-rj","Top Talent","EMOTIONAL Auditions That Made Judges CRY!","Entertainment","English","Long Form",119,0,"5796145","1675536327","5820000","US","https://www.youtube.com/watch?v=uDunVfawThs","https://www.youtube.com/channel/UCD2GdZBCsUa0TIssLai6Skw"
793,"https://yt3.ggpht.com/syb-WZBD021KA4tW54v2XFIzTVzHVoXTy_FPYRt1ymcXr6xeddlmPMW3MR9p2bGTb8Omtd9M=s88-c-k-c0x00ffffff-no-rj","Smart Agricultural Equipment","Remote control lawn mower, weed removal tool, lawn mower, lawn mower, weed removal","People & Blogs","English","Short Reel",0.3,0,"183397165","940920165","1550000","US","https://www.youtube.com/watch?v=WvTiRtVCdRA","https://www.youtube.com/channel/UC9HMNn0WUUdfx5mJ7eVx_-Q"
784,"https://yt3.ggpht.com/5ozNNrQBUJY8TPt2BYo6fEL-07ilkWHVedWCGFjtvuHU0aYrg1Iop-LJvprodA1_9-MTv7G_YA=s88-c-k-c0x00ffffff-no-rj","Zee Music Company","Joram | Manoj Bajpayee, Zeeshan Ayyub & Smita Tambe | World Premiere | Hindi Full Movie","Film & Animation","Hindi","Long Form",114,0,"3781544","70645377932","111000000","IN","https://www.youtube.com/watch?v=tqgdlTbVSoE","https://www.youtube.com/channel/UCFFbwnve3yF62-tVXkTyHqg"
781,"https://yt3.ggpht.com/ytc/AIdro_ngBpC--okxNKuiRH7VJYTl4a6uSicOAMFxkP07knjmn20=s88-c-k-c0x00ffffff-no-rj","Fagun Audio Vision","Ityadi - ‡¶á‡¶§‡ßç‡¶Ø‡¶æ‡¶¶‡¶ø | Hanif Sanket | Eid-ul-fitr episode 2024","Entertainment","Bengali","Long Form",76,0,"14479749","1140567429","4500000","BD","https://www.youtube.com/watch?v=3Mjg6KfLOgE","https://www.youtube.com/channel/UCYvb2whhiunbP_MXU0Gt5mg"
775,"https://yt3.ggpht.com/Wwk83u_U_Sk4guVLKRa9CvdlncUm3a-cr7KVr-UdH-Kx9av3SVBk5Ge7s5iVPwqCcpC0MS-xwJ0=s88-c-k-c0x00ffffff-no-rj","Dying Voice Dude","They had us in the first half (TT/@zander1208)","Science & Technology","English","Short Reel",0.3,0,"21421272","1929062988","1720000","US","https://www.youtube.com/watch?v=HMEwlztFFzg","https://www.youtube.com/channel/UCB6ApdlKLwbdLCxU_2Y5Peg"
762,"https://yt3.ggpht.com/ytc/AIdro_mANwPb1fC0GLHZwa1QUFe8bH2nqLyhTIoBzBsljiaWO2U=s88-c-k-c0x00ffffff-no-rj","Shonduras","ENCANTO FAMiLY in real life!!  Adley Niko & Navey trick or treat our whole neighborhood in costume!","Entertainment","English","Long Form",80,0,"9579896","5073230293","4810000","US","https://www.youtube.com/watch?v=1xM8MCTZHVU","https://www.youtube.com/channel/UCoK5NOxkZBLfI_5eqf8Es4Q"
762,"https://yt3.ggpht.com/ytc/AIdro_n_b7vDSeCoqsB-aixxfinRPn_sq5mutWwy8k2Cgs6E1g=s88-c-k-c0x00ffffff-no-rj","Roger Osborne","How to Use the Tide to Your Advantage! SEVEN SPECIES LANDEDüêü!","Sports","English","Long Form",51,0,"33029","13654781","93400","AU","https://www.youtube.com/watch?v=gKyHhS549V4","https://www.youtube.com/channel/UCCk0li23o-sDd3AWCCmv1tg"
756,"https://yt3.ggpht.com/HNJAO-FsCFFwIzHu4PsiVoxaR--w2Z0gpsnks5U_uGfCWCp8EpEFahinoNRfP13J3baCGAavDw=s88-c-k-c0x00ffffff-no-rj","Lava Blades ","Making a Glass Spearhead","People & Blogs","English","Short Reel",1,0,"70883604","783741577","2070000",NA,"https://www.youtube.com/watch?v=Z_NuOxK_xrU","https://www.youtube.com/channel/UCBn0pEwTkO-Loip6t0rYP9g"
756,NA,NA,"0","0","No Language Detected","Short Reel",0.3,0,"0",NA,NA,NA,"https://www.youtube.com/watch?v=0","https://www.youtube.com/channel/0"
752,"https://yt3.ggpht.com/87ozvvbi-IXj66OTE1uTW2rgQVbnaiGb3YGqufIgxppgOJZTK2NJWIRklz-NjfO9w-DmQO3u=s88-c-k-c0x00ffffff-no-rj","Unspeakable Studios","I Survived 1,000 Miles In 2 Story Bus - EXTENDED","People & Blogs","English","Long Form",58,0,"6457071","642800758","3070000","US","https://www.youtube.com/watch?v=Fibq4aA-GVc","https://www.youtube.com/channel/UCet_y01v87pE7MPGikjTQQw"
749,"https://yt3.ggpht.com/4bd4uTnsLgMv5x1eRrEfh8bu_7Wf45rkrbsteMs06f2r4SEj0smqML32Ub3pHihsgnk_hWSv=s88-c-k-c0x00ffffff-no-rj","The Royalty Family","Dad builds a SECRET Room to HIDE From Son","People & Blogs","English","Long Form",27,0,"15652302","8925747483","26800000","US","https://www.youtube.com/watch?v=PLcnvlbzc-I","https://www.youtube.com/channel/UCja7QUMRG9AD8X2F_vXFb9A"
748,"https://yt3.ggpht.com/Iay1q8fZVnWRDmdK0_4RmAHog3puJ5_Hajxi-GfOR-qFS6YlX5z3a6sraj-xTzes88MWEVc5z4Q=s88-c-k-c0x00ffffff-no-rj","Sports Today","Wasim Jaffer's hilarious reaction after England's back-to-back losses against India | Sports Today","Sports","English","Short Reel",0.3,0,"75743443","377283677","528000","IN","https://www.youtube.com/watch?v=ctRK_2IGKWY","https://www.youtube.com/channel/UCZbNi5DqBvaOZygMl8HfjDQ"
746,"https://yt3.ggpht.com/KZevqGQ3EYjWNrQU_B5xo37WiNjyOcYGJmyIKdMX1e5A7IcXRLGTTbglbLfnJu-L7x0E74DTbA=s88-c-k-c0x00ffffff-no-rj","Croton MEGA HIT ÂÖãÈ†ìÂÇ≥Â™í Âè≤Ë©©ÂÇë‰Ωú","„ÄêÊâøÊ¨¢ËÆ∞„ÄëÁ¨¨2ÈõÜ | Êù®Á¥´„ÄÅËÆ∏ÂáØ‰∏ªÊºî | Best Choice Ever EP2 | Starring: Yang Zi, Xu Kai | ENG SUB","Entertainment","Chinese","Long Form",45,0,"962535","2277795632","2600000","CN","https://www.youtube.com/watch?v=QyDG9TRGMw4","https://www.youtube.com/channel/UCPIRD4yr1hlAEovBCSNlAKg"
739,"https://yt3.ggpht.com/RLbgv-A-dz4c0KXDxVO55ItBVUQo3_kmDjXfJeOv3jxWwQ5D8GtStpKHtloY8DfxBK52PeyF=s88-c-k-c0x00ffffff-no-rj","QuickHow","Sonic Boom With a Whip #shorts","Howto & Style","English","Short Reel",0.3,0,"45377168","117338994","133000","GB","https://www.youtube.com/watch?v=b2DwmR2QDS0","https://www.youtube.com/channel/UCN3zJyEDIU3cXEqwRb49jyg"
729,"https://yt3.ggpht.com/7_PlUZ2YqiAop3GT02l7PEMpnHUqwqzyf48pefu64UNQLmwdEhUEJqaMHb1AcZrMus6_nK1O=s88-c-k-c0x00ffffff-no-rj","JStu","MICRO JEEP OVERNIGHT SURVIVAL CHALLENGE!","Entertainment","English","Long Form",38,0,"1963013","2527834751","8220000","US","https://www.youtube.com/watch?v=nsUYjUE_aec","https://www.youtube.com/channel/UCZpRTwgtk1H0cUAWrHZ1gzg"
728,"https://yt3.ggpht.com/BODEbY7MFXuxbr1rx-zf5WKR4CmzJmzU37Hih3N-U-h3pTG7Zdn5xW4Mowp6XsXIQqm5moJSTg=s88-c-k-c0x00ffffff-no-rj","Familia Diamond","We Found Out Who TOOK Our MISSING Puppy March Pom!?? *LEADS* full movie","People & Blogs","English","Long Form",78,0,"1468451","3660687264","10500000",NA,"https://www.youtube.com/watch?v=Bf7pxgS9KN0","https://www.youtube.com/channel/UC5ZOSZ-Bpass2ZkJY9q9ISg"
725,NA,NA,"0","0","No Language Detected","Short Reel",0.3,0,"0",NA,NA,NA,"https://www.youtube.com/watch?v=0","https://www.youtube.com/channel/0"
725,"https://yt3.ggpht.com/a53xGor1QZek8L37Gbx0s9TTsM2Ng0FIHjSznGA1hx9UsHB5GeOUs6dXly_pu3kVwCmjJuZ0vA=s88-c-k-c0x00ffffff-no-rj","Yabani","Yabani 29. B√∂l√ºm","Entertainment","Turkish","Long Form",143,0,"4858930","621771807","1150000","TR","https://www.youtube.com/watch?v=n2kOhxPNPkg","https://www.youtube.com/channel/UC642B6OXEfPDP4F9Z_J0CCA"
723,"https://yt3.ggpht.com/0qMsuK7wKlm3NOZHJiGcF3nSfHMeHIxfNMMqQaANhWTwGvAQiqqQBA3z0iJQwYHDNpzXu9aL7H8=s88-c-k-c0x00ffffff-no-rj","DnD_Eng","Burning Cottonwood Fluff #shorts","People & Blogs","English","Short Reel",1,0,"69406167","1951827047","959000",NA,"https://www.youtube.com/watch?v=5fgJfsc4UYo","https://www.youtube.com/channel/UC9gL7rdk8tB6qzNuVNasgkQ"
722,"https://yt3.ggpht.com/a1Qli7ktYLTCkPVUXNqoQGuB3CxdjmQGPxGvJmEJPO_y7tnW8qhOyLcem2xdkooszxU4ZohZDQ=s88-c-k-c0x00ffffff-no-rj","Timmy Turtle","30 Year Old Aluminium Boat Restoration and Custom Build!","Entertainment","English","Long Form",87,0,"126079","17594929","97900","AU","https://www.youtube.com/watch?v=KtXHeygQ__M","https://www.youtube.com/channel/UCeeFgz9QforYs5vjgwcHCLg"
720,"https://yt3.ggpht.com/ytc/AIdro_k9_aTwg3TCX0i-cBuVM5k3xgawXt2chVpAYC8SAG5OXA=s88-c-k-c0x00ffffff-no-rj","Cutting Edge Engineering Australia","Restoring BIG Excavator Arm & Bucket! | PART 1 | Facing with WS2 Plus Line borer","Science & Technology","English","Long Form",36,0,"1244318","250523026","826000","AU","https://www.youtube.com/watch?v=21hB0GlNhIc","https://www.youtube.com/channel/UC2wdo5vU7bPBNzyC2nnwmNQ"
720,"https://yt3.ggpht.com/eEbhy1AgLzaYrzK-PRT9ty4qKxD81qeZ2MiQpztOFUUFmB0533LZLpolZUvLYrksxncL5aHO_Q=s88-c-k-c0x00ffffff-no-rj","Dr. Holden Stanfill","Little Guy Takes On Adjustment! #neckpain #headaches #chiropractor #backpain","Entertainment","English","Short Reel",1,0,"105995762","501378448","968000",NA,"https://www.youtube.com/watch?v=61TVUoiYg-A","https://www.youtube.com/channel/UCTjKenSBLRiZvrjZ4L_yVMA"
715,"https://yt3.ggpht.com/lGdaynlzd7YaBYQhPmw0rGFLP4ch6HT7phgCkF6XYbzBq13-aeMRja9P99UxgTqb_uw9Fbph=s88-c-k-c0x00ffffff-no-rj","Amelias 15 Persian cats ","This made my day ‚ù§Ô∏è‚ù§Ô∏è‚ù§Ô∏è‚ù§Ô∏è#shorts #positivevibes","People & Blogs","English","Short Reel",1,0,"31337509","32537683","41900",NA,"https://www.youtube.com/watch?v=j3f0TcXLh8U","https://www.youtube.com/channel/UC6TS5OnPpgkUeHJOYoFbk0A"
713,"https://yt3.ggpht.com/_OFZ0My3yCnzPCKY9YFrezqLzA4Ekyh706Uetn1flSUN9FwelOAJtOULQzwJgo3bbisKOxmOVvE=s88-c-k-c0x00ffffff-no-rj","Zack D. Films","Saws That Stop For Fingers üò± (How?)","Travel & Events","English","Short Reel",1,0,"95284341","22433353151","16200000",NA,"https://www.youtube.com/watch?v=gSMWeA5PchM","https://www.youtube.com/channel/UCvz84_Q0BbvZThy75mbd-Dg"
713,"https://yt3.ggpht.com/F3qPpq3c9J5_CkE0Ye3P2JDde1a9xQ2XH1de3gH8vqrE5VP8HtU6PiNUThSZ8TuEV7cM8Zo6Rg=s88-c-k-c0x00ffffff-no-rj","POWERNATION 2","Full Build: Turning A '73 Split-Bumper Chevy Camaro Into A Triple Threat","Autos & Vehicles","English","Long Form",149,0,"785729","83491886","301000",NA,"https://www.youtube.com/watch?v=hFuqBpRHVb4","https://www.youtube.com/channel/UCMCtR3gKG9ER234olwlhvng"
711,"https://yt3.ggpht.com/0qMsuK7wKlm3NOZHJiGcF3nSfHMeHIxfNMMqQaANhWTwGvAQiqqQBA3z0iJQwYHDNpzXu9aL7H8=s88-c-k-c0x00ffffff-no-rj","DnD_Eng","Ultra High Voltage Ion Detection #shorts","Science & Technology","English","Short Reel",0.3,0,"22468523","1951827047","959000",NA,"https://www.youtube.com/watch?v=WKTDs211pVs","https://www.youtube.com/channel/UC9gL7rdk8tB6qzNuVNasgkQ"
710,"https://yt3.ggpht.com/F3cbcETMN55xOq8NmKJ71bAcOXVft9Di2WBNhRxGmt7hZlV_K3Vbws6Xx8gSycIs9GUF4esc=s88-c-k-c0x00ffffff-no-rj","TPM - Top Persian Movies","ŸÅ€åŸÑŸÖ ⁄©ŸÖÿØ€å Ÿà ÿÆŸÜÿØŸá ÿØÿßÿ± Ÿà€åŸÑÿß€å ÿ≥ÿßÿ≠ŸÑ€å ÿ®ÿß ÿ®ÿßÿ≤€å ÿ±ÿ∂ÿß ÿπÿ∑ÿßÿ±ÿßŸÜÿå Ÿæ⁄òŸÖÿßŸÜ ÿ¨ŸÖÿ¥€åÿØ€å - Villaye Saheli Comedy Film","Film & Animation","Farsi","Long Form",94,0,"1280025","322246838","396000","DE","https://www.youtube.com/watch?v=Pjk7B-dkhss","https://www.youtube.com/channel/UCxelJIiHJoGR270g8FqtfJA"
701,"https://yt3.ggpht.com/kqRKwfzKfn3NvPjXNa9sgAI_byr_0NuqpeYKaatnyk2Wo_KPs-iRSAT624wESTzpa3K3CEX7=s88-c-k-c0x00ffffff-no-rj","O Calheiro","prote√ß√£o contra infiltra√ß√£o em muro! üò±","People & Blogs","No Language Detected","Short Reel",1,0,"150824366","316020085","506000","BR","https://www.youtube.com/watch?v=O_Q8ZlnLcNY","https://www.youtube.com/channel/UC_0URsx8Fjjp0fUV91_Dxbw"
698,"https://yt3.ggpht.com/tMoSqpu1PfUslqO6zy27DxzlEdu25uxYRVOLM7lgIHkxu_LavXePt6_ThudkJlngUH3WWUEirg=s88-c-k-c0x00ffffff-no-rj","Ty Davis ","When the love is real we crash out together üë©‚Äç‚ù§Ô∏è‚Äçüë®.   Like and subscribe !!! Turn notifications on","People & Blogs","No Language Detected","Short Reel",0.3,0,"112268977","112738786","152000",NA,"https://www.youtube.com/watch?v=pCfMEnV9Qko","https://www.youtube.com/channel/UCOlkAWuVfCBSHdGyqxRcXTw"
693,"https://yt3.ggpht.com/ytc/AIdro_ns-EzabNBTR1qHtrtBST98z6RSAEijSQh2bRqKyKTQZVuO=s88-c-k-c0x00ffffff-no-rj","NEN FAM","i BUiLT A SECRET HAiR SALON TO HiDE FROM MY LiTTLE SiSTERS! ü´ßüéÄ","Film & Animation","English","Long Form",34,0,"2627824","1091677841","2050000","US","https://www.youtube.com/watch?v=A2EJM7tv12g","https://www.youtube.com/channel/UCoN7jbN54AaJXj7TcFZikCw"
691,"https://yt3.ggpht.com/e86eCJjrnNGQToVWa1v_CvuW4YeB4SRLuPbtG_ieYJqSArQHHDUaLfmvmtEQgVxR4RQAGXCU=s88-c-k-c0x00ffffff-no-rj","The Anazala Family ","Transforming My Daughter into a Scientist!","Entertainment","English","Long Form",25,0,"4746343","1473878794","8630000","US","https://www.youtube.com/watch?v=xAgEb3GX5e0","https://www.youtube.com/channel/UC5Hi0UkephOloKgZKLM9e-w"
689,"https://yt3.ggpht.com/rMrMVA_U1_O7O_BNajN-IowW1b50sb6BYF0AHdaZaj1coG-axQvTAHiNSN1tRedLfzqfV-of=s88-c-k-c0x00ffffff-no-rj","Lost Lakes","22-Day / 400km+ Wilderness Camping Trip on Notorious Lake Nipigon","Travel & Events","English","Long Form",231,0,"7590120","71752290","317000","CA","https://www.youtube.com/watch?v=S0SUhazwmgc","https://www.youtube.com/channel/UC6k05MGcGTTWZY6NS3kDFEg"
682,"https://yt3.ggpht.com/8vECu18qqrqG3joDoBMK-j6GkIGIIOdhrp_4yOVgvMQousZZBL_7QNOy1NjdqtSBusOVGjjt=s88-c-k-c0x00ffffff-no-rj","Barbud Music","Jashn Eid 2024 - Barbud Music Eid Special Show | ÿ¨ÿ¥ŸÜ ÿπ€åÿØ - Ÿà€å⁄òŸá ÿ®ÿ±ŸÜÿßŸÖŸá ÿπ€åÿØ ÿ≥ÿπ€åÿØ ŸÅÿ∑ÿ± ÿ®ÿßÿ±ÿ®ÿØ ŸÖ€åŸàÿ≤€å⁄©","Music","English","Long Form",156,0,"594683","784017406","1170000","AE","https://www.youtube.com/watch?v=41MjBjQH5gg","https://www.youtube.com/channel/UC52r8QwD9YwZeuxjizFLGqw"
681,"https://yt3.ggpht.com/Th-fow7OUD79n9zylGs3JF9Y4wUqCuRVgW0cIaMVkhffvm3P6fjEeJkKA_AQIydh9gFfJKyiPQ=s88-c-k-c0x00ffffff-no-rj","√ú√ß Kƒ±z Karde≈ü","√ú√ß Kƒ±z Karde≈ü 81. B√∂l√ºm - Full B√∂l√ºm","People & Blogs","Turkish","Long Form",144,0,"821364","839214474","927000","TR","https://www.youtube.com/watch?v=JDoTcTURYsg","https://www.youtube.com/channel/UCcqrjI4zmEO4VmZkd8m-rgQ"
